https://www.youtube.com/watch?v=i9F7Ax23TMM;HZY - Maison Margiela
https://www.youtube.com/watch?v=07IbekW7mAI;Ζ. Kietu
https://www.youtube.com/watch?v=p4An9GEDxXY;PASSION
https://www.youtube.com/watch?v=ZoJYgd3DQEE;Χ. ZWAAR
https://www.youtube.com/watch?v=_yGxyYagzzk;THEVIE RADIO
https://www.youtube.com/watch?v=vC7TDgGtqzQ;DOSE
https://www.youtube.com/watch?v=ZoJYgd3DQEE;ZWAAR
https://www.youtube.com/watch?v=FW5vAykqQV8;CHIALER
https://www.youtube.com/watch?v=L03KjBt62uM;OG
https://www.youtube.com/watch?v=QyU_4uoyjOY;2 DIAMANTS
